KWh Cost , $0.07253 
Energy Usage,0.37
Time ,13582
Cost, $0.0268361 
Cost Per Second, $0.00000197585775290826 